Prospect,POS,Team,Total,GRD,PRD,SIZE,ATH,HT,WT,Arm,Hand,Wing,Dash40,SS,TC,BP,VJ,BJ,AGE,Notes
Saquon Barkley,RB,Penn State,8.02,7.80,0.09,0.05,0.08,6000,233,31.375,9.5,74.25,4.4,4.24,,29,41,,21.6,Leadership 
Quenton Nelson,OG,Notre Dame,7.54,7.40,,0.07,0.07,6050,325,33.75,10.375,82.625,,4.62,7.65,35,26.5,8.75,22.5,Leadership 
Bradley Chubb,4-3 DE,North Carolina State,7.31,7.10,0.10,0.05,0.06,6043,269,34,9.875,79,4.65,4.41,7.37,24,36,10.08,22.2,"Passion for the game/High Motor/ Want to Succeed, Bloodline"
Josh Rosen,QB,UCLA,7.06,6.90,0.05,0.06,0.05,6040,226,31.75,9.875,76.5,4.92,4.28,7.09,,31,9.25,21.6,Durability Medium Concern 
Roquan Smith,4-3 LB,Georgia,7.02,6.90,0.07,0.05,,6007,236,32,10,77,4.51,,,,,,21.3,Leadership 
Maurice Hurst ,4-3 DT,Michigan,6.80,6.70,0.07,0.03,,6012,292,32,9.5,76.875,,,,,,,23.3,Durability Medium Concern 
Tremaine Edmunds,3-4 LB,Virginia Tech,6.80,6.60,0.08,0.08,0.04,6044,253,34.5,9.375,83,4.54,,,19,,9.75,20.3,
Derwin James,SS,Florida State,6.74,6.50,0.10,0.07,0.07,6016,215,33,9.5,78.625,4.47,,,21,40,11,22.1,Leadership 
Derrius Guice,RB,LSU,6.73,6.60,0.06,0.04,0.03,5104,224,30.75,9,72.75,4.49,,,15,31.5,,21.2,
Vita Vea,NT,Washington,6.72,6.60,0.05,0.07,,6040,347,32.625,10,76.25,5.1,,,41,,,23.6,
Harold Landry,3-4 OLB,Boston College,6.69,6.50,0.10,0.03,0.06,6023,252,32.875,9.375,78.875,4.64,4.19,6.88,24,36,9.92,22.2,
Denzel Ward,CB,Ohio State,6.69,6.50,0.10,0.03,0.06,5107,183,31.25,8.75,74.75,4.32,,,16,39,11.33,21.3,
Nick Chubb,RB,Georgia,6.69,6.50,0.07,0.06,0.06,5107,227,32,9.625,73.625,4.52,4.25,7.09,29,38.5,10.67,22.7,Durability Medium Concern 
Minkah Fitzpatrick  ,CB,Alabama,6.68,6.50,0.08,0.06,0.04,6001,204,31.25,9.375,75.125,4.46,,,14,33,10.08,21.8,Leadership 
Baker Mayfield,QB,Oklahoma,6.66,6.50,0.10,0.01,0.05,6005,215,30.25,9.25,73.375,4.84,4.28,7,,29,9.25,23.4,Leadership 
Da'Ron Payne,4-3 DT,Alabama,6.64,6.50,0.05,0.04,0.05,6024,311,33,9.375,78.375,4.95,4.71,7.58,27,28.5,8.92,21.3,Leadership 
Sam Darnold,QB,Southern Cal,6.54,6.40,0.06,0.04,0.04,6033,221,31,9.375,74,4.85,4.4,6.96,,26.5,8.75,21.2,Leadership 
Marcus Davenport,4-3 DE,Texas-San Antonio,6.48,6.30,0.08,0.04,0.06,6056,264,33.625,9.125,80.625,4.58,4.41,7.2,22,33.5,10.33,22,
Justin Reid,FS,Stanford,6.48,6.30,0.07,0.05,0.06,6004,207,31.625,9.75,77.5,4.4,4.15,6.65,16,36.5,10.67,21.5,Bloodline
Sam Hubbard,3-4 OLB,Ohio State,6.38,6.20,0.06,0.07,0.05,6053,270,33.125,10,78.25,,4.32,6.84,,35,9.67,23.2,
Rashaan Evans,4-3 LB,Alabama,6.24,6.10,0.04,0.06,0.04,6017,232,32.25,10,77.25,,4.36,6.95,,30,9.67,21.8,Durability Medium Concern 
Donte Jackson,CB,LSU,6.24,6.10,0.08,0.02,0.04,5104,178,29.5,8.75,71.625,4.32,,,7,,10.33,22.8,
Harrison Phillips,4-3 DT,Stanford,6.23,6.00,0.10,0.07,0.06,6032,307,33.875,10.375,80.5,5.21,4.5,7.28,42,32,8.58,22.6,
Sony Michel,RB,Georgia,6.23,6.10,0.06,0.03,0.04,5105,214,31.25,9.125,73.625,4.54,4.21,,22,,,23.5,
Josh Allen,QB,Wyoming,6.20,6.00,0.05,0.08,0.07,6047,237,33.25,10.125,78.375,4.75,4.4,6.9,,33.5,9.92,22.3,
Courtland Sutton,WR,SMU,6.20,6.00,0.06,0.08,0.06,6033,218,32.375,9.75,79.25,4.54,4.11,6.57,18,35.5,10.33,22.9,
Jaire Alexander,CB,Louisville,6.19,6.00,0.08,0.05,0.06,5102,196,31.125,9.5,74.75,4.38,3.98,6.71,14,35,10.58,21.6,
Josey Jewell,4-3 LB,Iowa,6.19,6.00,0.10,0.05,0.04,6010,234,32,10,77.5,4.82,4.27,6.8,18,33,9.75,23.7,Passion for the game/High Motor/ Want to Succeed
Taven Bryan  ,4-3 DE,Florida,6.15,6.00,0.04,0.06,0.05,6050,291,32.75,9.75,78.875,4.98,4.48,7.12,30,35,9.92,22.5,One Year Starter/Experience 
Leighton Vander Esch,4-3 LB,Boise State,6.13,5.90,0.07,0.09,0.07,6042,256,33.875,9.75,81.125,4.65,4.15,6.88,20,39.5,10.33,22.6,
Ronald Jones II,RB,Southern Cal,6.10,6.00,0.07,0.03,,5110,205,31.125,8.75,74.375,4.65,,,,36.5,,21.1,Durability Medium Concern 
Jessie Bates,FS,Wake Forest,6.10,5.90,0.10,0.05,0.05,6011,200,31.625,9.75,75.375,4.5,4.26,6.78,,35.5,9.75,21.9,
Lorenzo Carter,3-4 OLB,Georgia,6.09,5.90,0.06,0.07,0.06,6047,250,34,10.375,82,4.5,,,,36,10.83,22.7,
Mark Andrews,TE ,Oklahoma,6.07,5.90,0.09,0.05,0.03,6051,256,32.5,9.5,77,4.67,4.38,7.34,17,31,9.42,23,
DJ Moore,WR,Maryland ,6.06,5.90,0.05,0.04,0.07,6000,210,31.625,9,76.25,4.42,4.07,6.95,15,39.5,11,,
Duke Dawson,CB,Florida,6.06,5.90,0.07,0.04,0.05,5105,197,31.5,9,74.5,4.46,,,15,,,21.9,
Mike McGlinchey,OT,Notre Dame,6.06,6.00,,0.06,,6077,309,34,10,81,,,,24,28.5,8.75,23.6,
Tim Settle ,4-3 DT,Virginia Tech,6.04,5.90,0.05,0.05,0.04,6026,329,33,9.125,78.75,5.37,4.83,7.95,,23.5,8,21.1,One Year Starter/Experience 
Josh Sweat,3-4 OLB ,Florida State,6.03,5.80,0.08,0.07,0.08,6046,251,34.625,10.25,84.125,4.53,,,39.5,,10.33,,Durability Medium Concern 
Mike Gesicki,TE ,Penn State,6.03,5.80,0.08,0.07,0.08,6054,247,34.125,10.25,82.125,4.54,4.1,6.76,22,41.5,10.75,22.9,
Isaiah Wynn,OG,Georgia,6.03,6.00,,0.03,,6026,313,33.375,8.5,78.875,,,,,,,22.7,
Calvin Ridley,WR,Alabama,6.02,5.90,0.05,0.04,0.03,6004,189,31.625,9.125,75.75,4.43,4.41,6.88,15,31,9.17,23.7,
Will Hernandez,OG,UTEP,6.01,5.90,,0.04,0.07,6023,327,32,9.875,77.75,5.15,4.7,7.59,37,24,8.67,23,Passion for the game/High Motor/ Want to Succeed
Lamar Jackson,QB,Louisville,6.00,5.90,0.06,0.04,,6022,216,33.125,9.5,77.625,,,,,,,21.6,
B.J. Hill,4-3 DT,North Carolina State,5.99,5.80,0.07,0.07,0.05,6032,311,33,10.625,78.25,4.99,4.53,7.28,35,26.5,8.42,23.4,
Josh Jackson,CB,Iowa,5.99,5.80,0.07,0.06,0.06,6003,196,31.125,9.375,74.25,4.56,4.03,6.86,18,38,10.25,22.4,Passion for the game/High Motor/ Want to Succeed
Ronnie Harrison,SS,Alabama,5.99,5.80,0.06,0.07,0.06,6020,207,33.375,9.5,80.375,,,,,34,10,21.4,
Equanimeous St. Brown,WR,Notre Dame,5.99,5.80,0.05,0.08,0.06,6046,214,33,9.75,78.875,4.48,,,20,,,21.9,
Frank Ragnow,OC,Arkansas,5.97,5.90,,0.07,,6051,312,33.125,9.375,78.875,,,,26,,,22.3,Leadership 
Uchenna Nwosu,4-3 OLB,Southern Cal,5.97,5.80,0.07,0.06,0.04,6021,251,33.625,9,78.25,4.65,,,20,32,9.92,21.7,
Hayden Hurst,TE ,South Carolina,5.97,5.80,0.08,0.05,0.04,6044,250,32.75,9.75,76.5,4.67,4.37,7.19,,31.5,10,25,
Anthony Miller,WR,Memphis,5.97,5.80,0.08,0.05,0.04,5111,201,31.625,10,75.5,,,,22,,,23.9,
Dallas Goedert,TE ,South Dakota State,5.97,5.80,0.10,0.07,,6045,256,34,10,80.125,,,,23,,,23.7,
Marquis Haynes,3-4 OLB,Mississippi,5.96,5.80,0.08,0.04,0.04,6023,235,33.25,10,78.25,4.67,4.45,7.14,23,32,10.25,24.7,
Billy Price,OC,Ohio State,5.95,5.90,,0.05,,6036,305,32,9.75,75.25,,,,,,,23.9,
Kolton Miller,OT,UCLA,5.94,5.80,,0.07,0.07,6085,309,34.125,10.75,82.5,4.95,4.49,7.34,24,31.5,10.08,,
Antonio Callaway,WR,Florida,5.94,5.80,0.05,0.04,0.05,5105,200,31.5,9.5,73.625,4.41,,,,34,10.08,21.6,
R.J. McIntosh,4-3 DT,Miami,5.92,5.80,0.07,0.05,,6044,286,33.875,9.375,82.75,,,,,,,22.2,
Anthony Averett,CB,Alabama,5.92,5.80,0.07,0.02,0.03,5111,183,30.25,8.5,71.625,4.36,4.4,6.93,13,31.5,9.92,,
James Daniels,OC,Iowa,5.91,5.80,,0.06,0.05,6033,306,33.75,9.5,80.25,,4.4,7.29,21,30.5,9,21,
Connor Williams,OT,Texas,5.90,5.80,,0.04,0.06,6051,296,33,10.5,77.875,5.05,4.63,7.83,26,34,9.33,21.3,Leadership 
Dorance Armstrong Jr.,4-3 DE,Kansas,5.90,5.70,0.10,0.05,0.05,6035,257,34.75,10,83,4.87,4.23,7.12,20,30,9.83,21.2,
Dante Pettis,WR,Washington,5.90,5.80,0.05,0.05,,6004,186,32.25,9.5,77.25,,,,,,,22.9,
Shaquem Griffin,SS,Central Florida,5.89,5.70,0.08,0.05,0.06,6003,227,32.125,9,66.5,4.38,,,20,,9.75,23.1,Leadership 
Jeff Holland,3-4 OLB,Auburn,5.89,5.80,0.05,0.04,,6013,249,33.5,10.5,80,4.79,,,,,9.67,21.9,
Shaun Dion-Hamilton,4-3 OLB,Alabama,5.89,5.80,0.06,0.03,,5116,228,31,10.25,76.5,,,,20,,,23,Durability High Concern 
Marcus Allen,FS,Penn State,5.88,5.70,0.08,0.05,0.05,6021,215,30.625,9.125,74,,4.32,,15,37,10.58,22.1,Leadership 
Carlton Davis,CB,Auburn,5.87,5.70,0.07,0.06,0.04,6010,206,32.75,8.875,79.375,4.53,,,16,34,10.33,21.7,
Michael Gallup,WR,Colorado State,5.87,5.70,0.08,0.05,0.04,6006,205,31.5,9.25,73.625,4.51,4.37,6.95,10,36,10.17,22.5,
Kerryon Johnson,RB,Auburn,5.87,5.70,0.06,0.05,0.06,5114,213,32.5,9.75,77.625,,4.29,7.07,11,40,10.5,21.2,
DJ Chark ,WR,LSU,5.87,5.70,0.05,0.06,0.06,6027,199,32.375,9.25,79,4.34,16,40,10.75,,,21.4,
James Washington,WR,Oklahoma State,5.86,5.70,0.07,0.05,0.04,5110,213,32.375,9.75,78.25,4.54,4.32,7.11,14,34.5,10,22.4,
Rasheem Green,4-3 DE,Southern Cal,5.86,5.70,0.06,0.05,0.05,6042,275,33.75,9.875,81.25,4.73,4.39,7.24,,32.5,9.83,21.3,
Trenton Thompson,4-3 DT,Georgia,5.86,5.70,0.06,0.05,0.05,6025,288,34,10.625,81,5.06,4.56,7.68,,32.5,9.25,22.1,Durability High Concern 
Martinas Rankin ,OG,Mississippi State,5.85,5.80,,0.05,,6050,305,,,,,,,,,,,
Mike Hughes,CB,Central Florida,5.84,5.70,0.06,0.03,0.05,5101,189,30.875,8.75,73,4.53,4.13,6.7,20,35.5,10.58,21.6,
Chad Thomas,3-4 DE,Miami,5.84,5.70,0.05,0.05,0.04,6050,281,33.5,10.25,81.5,4.92,,,,29,9.67,22.9,
Rashaad Penny,RB,San Diego State,5.84,5.70,0.05,0.05,0.04,5110,220,31.25,9.25,76,4.46,,,13,32.5,10,22.6,
Christian Kirk,WR,Texas A&M,5.84,5.70,0.06,0.04,0.04,5103,201,30.375,9.875,72.875,4.47,4.45,7.09,20,35.5,9.58,21.8,
Levi Wallace,CB,Alabama,5.84,5.70,0.06,0.06,0.02,6002,179,32.75,9.375,77.375,4.63,,,,33,,,
Terrell Edmunds,SS,Virginia Tech,5.83,5.60,0.08,0.08,0.07,6004,217,32.75,10.5,79,4.47,,,,41.5,11.17,21.6,
Tyquan Lewis,3-4 OLB,Ohio State,5.83,5.70,0.06,0.07,,6032,269,33.75,10.375,80.125,,,,,35.5,10.17,23.6,
Mark Walton,RB,Miami,5.82,5.70,0.06,0.03,0.03,5095,202,30,9.25,72.125,4.6,,,18,31.5,9.83,21.5,
Stephen Roberts,FS,Auburn,5.82,5.70,0.06,0.02,0.04,5112,186,31.375,8.875,73.25,4.53,,,,34,10.08,,
Godwin Igwebuike,FS,Northwestern,5.81,5.60,0.09,0.05,0.07,5113,213,31.25,9.75,76,4.44,4.12,6.56,19,35.5,10.67,24,
Parry Nickerson ,CB ,Tulane ,5.81,5.70,0.09,0.02,,5100,182,30.25,8.25,,4.32,,,15,,,,
Jaylen Samuels,RB,North Carolina State,5.81,5.60,0.10,0.05,0.06,5114,225,31.375,9.25,76,4.54,4.28,6.93,18,34.5,10.08,23.1,
Kyzir White,SS,West Virginia,5.80,5.60,0.09,0.07,0.04,6017,218,31.625,10.125,76.75,,,,21,35.5,9.42,22.4,
Brandon Facyson,CB,Virginia Tech,5.80,5.60,0.06,0.08,0.06,6014,203,32.625,9.75,78.5,4.53,,,16,,,24,
Nathan Shepherd,NT,Fort Hays State,5.80,5.60,0.09,0.05,0.06,6036,315,32.375,10.125,80.5,5.09,4.53,7.5,,31,9.33,,
Foley Fatukasi,NT,Connecticut,5.79,5.60,0.07,0.07,0.05,6036,318,34.125,10.25,82,5.29,4.53,7.44,33,30,9.33,23.5,
Fred Warner,4-3 LB,BYU,5.79,5.60,0.07,0.06,0.06,6033,236,32,9.75,77,4.64,4.28,6.9,21,38.5,9.92,21.8,
Christian Sam,3-4 LB,Arizona State,5.77,5.60,0.07,0.05,0.05,6010,244,31.5,10,76.75,4.75,4.25,7.03,28,32,9.5,22.2,Bloodline
Kalen Ballage,RB,Arizona State,5.76,5.60,0.04,0.07,0.05,6014,228,32.75,9.5,77.125,4.46,4.35,6.91,15,32.5,10.17,22.7,
Jordan Lasley,WR,UCLA,5.76,5.60,0.07,0.06,0.03,6010,203,32.75,9.625,78.125,4.5,4.19,,8,34.5,9.33,21.8,
Andrew Brown,4-3 DT,Virginia,5.75,5.60,0.06,0.04,0.05,6033,296,34.5,9.375,81.5,5.03,4.48,7.51,31,28,8.42,22.7,Passion for the game/High Motor/ Want to Succeed
John Kelly,RB,Tennessee,5.75,5.60,0.05,0.05,0.05,5097,216,31.375,9.375,76,,4.51,7.13,15,35,10,21.9,
Isaiah Oliver,CB,Colorado,5.74,5.60,0.06,0.08,,6002,201,33.5,9.75,80.625,4.5,,,,,,21.9,
Mason Rudolph,QB,Oklahoma State,5.74,5.60,0.08,0.06,,6045,235,32.375,9.125,77.875,4.9,,,,26,,23.1,Bloodline
DaeSean Hamilton,WR,Penn State,5.73,5.60,0.05,0.04,0.04,6005,203,31,9.375,75.125,,4.15,6.84,,34.5,9.83,23.5,
Durham Smythe,TE ,Notre Dame,5.72,5.60,0.04,0.05,0.03,6053,253,31.75,9.25,77.375,4.81,4.23,7.17,18,31,9.17,23.1,
Kendrick Norton,NT,Miami,5.72,5.60,0.05,0.07,,6027,314,33.75,10.75,81.25,5.25,,,30,,,21.2,
Oren Burks,4-3 OLB,Vanderbilt,5.71,5.50,0.09,0.05,0.07,6031,233,33.375,9.125,79.5,4.59,4.15,6.82,18,39.5,10.92,23.4,Leadership 
Chris Herndon,TE ,Miami,5.71,5.60,0.07,0.04,,6036,253,32.875,9.25,79,,,,21,,,22.5,
Greg Stroman,CB,Virginia Tech,5.71,5.60,0.06,0.02,0.03,5110,182,29.875,8.75,71.125,4.48,4.45,,16,33.5,9.42,22.5,
J'Mon Moore,WR,Missouri,5.70,5.50,0.05,0.07,0.08,6025,207,32.875,9.375,78.625,4.6,4.04,6.56,21,38,10,23.3,
Chukwuma Okorafor,OT,Western Michigan,5.70,5.60,,0.07,0.03,6060,320,34.5,10.25,83.375,5.31,4.8,7.87,19,23.5,8.5,21.1,
Royce Freeman,RB,Oregon,5.70,5.50,0.09,0.06,0.05,5114,229,32,9.5,76.75,4.54,4.16,6.9,17,34,9.83,22.5,
Kemoko Turay,4-3 DE,Rutgers,5.70,5.60,0.06,0.04,,6045,253,33.375,9.625,80.125,4.65,,,,,,23.1,Durability Medium Concern 
Jerome Baker,4-3 OLB,Ohio State,5.69,5.50,0.09,0.04,0.06,6011,229,31.5,10.375,76.125,4.53,,,22,36.5,10.5,21.7,
Kylie Fitts,3-4 OLB,Utah,5.68,5.50,0.07,0.05,0.06,6036,263,33,9.5,77.25,4.69,4.19,6.88,31,32.5,9.75,23.9,Durability High Concern 
Mike McCray,3-4 ILB,Michigan,5.66,5.50,0.07,0.05,0.04,6011,243,32.625,9.125,78.25,4.76,4.25,7.09,16,31.5,9.92,24.1,Durability Medium Concern 
Hercules Mata'afa,4-3 DE,Washington State,5.66,5.50,0.09,0.03,0.04,6022,254,31.5,10.25,76.125,4.76,4.37,7.24,26,31.5,9,23,Passion for the game/High Motor/ Want to Succeed
Simmie Cobbs Jr.,WR,Indiana,5.65,5.50,0.05,0.07,0.03,6031,220,32,9.25,77.75,4.64,4.32,6.7,11,30,9.42,23,
Marcell Ateman,WR,Oklahoma State,5.65,5.50,0.05,0.07,0.03,6044,216,32.875,9,78.5,4.62,4.25,7.07,13,34,10.08,24,
Alex Cappa,OT,Humboldt State,5.65,5.60,,0.03,0.02,6056,305,32.625,9.25,77.75,5.39,4.84,8.04,24,26.5,8.08,,
Darius Leonard,3-4 OLB,South Carolina State,5.64,5.50,0.06,0.05,0.03,6020,234,34.375,10.25,82.125,4.7,,,17,,,,
Auden Tate,WR,Florida State,5.64,5.50,0.04,0.08,0.02,6047,228,33.75,9.375,79.25,4.68,,,,31,9.33,21.6,
Martinas Rankin,OT,Mississippi State,5.64,5.60,,0.04,,6043,308,33.75,10.125,81.375,,,,24,,,23.9,
Wyatt Teller,OG,Virginia Tech,5.63,5.50,,0.06,0.07,6044,314,34,10.25,81.875,5.24,4.84,7.45,30,29,9.5,23.8,
Deon Cain,WR,Clemson,5.63,5.50,0.04,0.05,0.04,6017,202,33,8.75,79.625,4.43,4.37,6.71,11,33.5,9.58,22.1,
Cedrick Wilson,WR,Boise State,5.63,5.50,0.04,0.05,0.04,6022,197,31.5,9.75,77.375,4.55,4.23,6.89,9,37,10.08,22.8,
Korey Robertson,WR,Southern Miss,5.63,5.50,0.04,0.06,0.03,6005,212,32.875,9.125,76.625,4.56,,,13,34,10.25,23.2,
Derrick Nnadi,4-3 DT,Florida State,5.63,5.50,0.07,0.05,0.01,6010,317,33.5,9.875,79.75,5.38,5.02,8.15,25,27,8,22.3,
Dalton Schultz,TE ,Stanford,5.62,5.50,0.04,0.04,0.04,6053,244,31.25,9.5,75.375,4.75,4.4,7,15,32,10,22.1,
Javon Wims,WR,Georgia,5.62,5.50,0.03,0.06,0.03,6027,215,31.5,9.25,77.25,4.53,,7,,33.5,9.42,23,
Nyheim Hines,RB,North Carolina State,5.62,5.50,0.04,0.02,0.06,5083,198,30.75,8.875,72.5,4.38,4.35,7.18,,35.5,9.92,21.8,
Brian O'Neill,OT,Pittsburgh,5.61,5.50,,0.04,0.07,6067,297,34.125,9.375,78.5,4.82,4.5,7.14,22,29.5,8.92,23,
Duke Ejiofor,3-4 OLB,Wake Forest ,5.61,5.50,0.04,0.07,,6033,264,34.875,9.75,,,,,,,,23.4,Durability Medium Concern 
Ryan Izzo,TE ,Florida State,5.61,5.50,0.05,0.04,0.02,6045,256,32.125,9,76,4.94,4.43,7.15,18,33,9.17,22.7,
Jordan Whitehead,FS,Pittsburgh,5.61,5.50,0.10,0.01,,5103,198,29.75,8.5,70.75,,,,21,,,21.5,
Malik Jefferson,4-3 LB,Texas,5.60,5.40,0.08,0.05,0.07,6022,236,32,9.625,74.25,4.52,,,27,36,10.42,21.8,
Kyle Lauletta,QB,Richmond,5.60,5.50,,0.04,0.06,6025,222,30.625,9.75,76,4.81,4.07,6.95,,31,9.42,23.5,
Scott Quessenberry,OC,UCLA,5.60,5.50,,0.05,0.05,6035,310,31.75,9.75,76.875,5.09,4.69,7.5,25,33.5,,23.4,
Austin Corbett,OG,Nevada,5.60,5.50,,0.05,0.05,6043,306,33.125,10.5,78.875,5.15,4.5,7.87,19,28,8.83,24,Leadership 
Ogbonnia Okoronkwo,4-3 OLB,Oklahoma,5.60,5.40,0.10,0.06,0.04,6015,253,33.75,9,80.25,4.77,,,27,38,10.08,23.4,
Jack Cichy,4-3 LB,Wisconsin,5.60,5.50,0.05,0.05,,6021,238,32.125,9.5,79.25,,,,18,,,23.3,"Leadership, Durability High Concern"
Chase Edmonds,RB,Fordham,5.59,5.40,0.10,0.03,0.06,5091,205,31.125,9,71.625,4.55,4.07,6.79,19,34,10.17,22.4,
Ian Thomas ,TE ,Indiana,5.59,5.40,0.07,0.06,0.06,6035,259,32.5,10,80.125,4.74,4.2,7.15,,36,10.25,22.2,One Year Starter/Experience 
Quenton Meeks,CB,Stanford,5.59,5.40,0.06,0.08,0.05,6010,209,31.75,10.25,76.25,,4.23,6.72,11,39,10.67,21.2,
Allen Lazard,WR,Iowa State,5.59,5.40,0.06,0.08,0.05,6045,227,32.25,9.75,78.75,4.55,,,17,38,10.17,22.7,
Tyrell Crosby,OT,Oregon,5.59,5.50,,0.05,0.04,6045,309,35.25,10.75,83.25,5.23,4.77,7.89,17,30,8.75,23,
Will Richardson,OT,North Carolina State,5.59,5.50,,0.05,0.04,6055,306,35.25,9.875,83.25,5.26,4.83,7.8,,31.5,9,,
Tegray Scales,4-3 OLB,Indiana,5.59,5.50,0.08,0.01,,6003,230,30.75,8.625,75,4.77,,,27,,,22.3,Leadership 
Ryan Nall,RB,Oregon State,5.58,5.40,0.06,0.07,0.05,6021,232,31.5,10,75.625,4.58,4.16,6.95,15,33,10.17,22.7,
Tre'Quan Smith,WR,Central Florida,5.58,5.40,0.06,0.07,0.05,6016,203,33.375,9.5,80.375,4.49,4.5,6.97,12,37.5,10.83,,
Trevon Young,3-4 OLB,Louisville,5.58,5.40,0.08,0.06,0.04,6037,258,33.75,10,82.125,4.78,4.4,6.99,25,33,9.5,,Durability High Concern 
Trey Walker,SS,Louisiana-Lafayette,5.58,5.50,,0.05,0.03,6007,206,33.5,8.75,81.5,4.51,4.28,7,14,33,9.92,23.6,
Will Clapp,OC,LSU,5.58,5.50,,0.06,0.02,6044,311,31.25,9.625,76.375,5.39,4.92,8.04,25,29,8.08,22.7,Passion for the game/High Motor/ Want to Succeed
Orlando Brown,OT,Oklahoma,5.58,5.50,,0.07,0.01,6077,345,35,9.75,85.125,5.85,5.38,7.87,14,19.5,6.83,22.3,Bloodline
Dylan Cantrell,WR,Texas Tech,5.57,5.40,0.04,0.06,0.07,6027,226,31.375,9.25,76.375,4.59,4.03,6.56,18,38.5,10.83,24.2,
Jalyn Holmes,3-4 OLB,Ohio State,5.57,5.40,0.04,0.08,0.05,6047,283,34,10,81.875,4.82,,,25,32,,22.6,
Logan Woodside,QB,Toledo,5.57,5.40,0.09,0.03,0.05,6012,213,31,9.75,72.375,4.79,4.15,6.94,,31.5,8.58,23.6,
Bo Scarbrough,RB,Alabama,5.57,5.40,0.04,0.08,0.05,6013,228,33.5,10,80.375,4.52,4.34,,14,40,10.75,23.9,Durability High Concern 
DeShon Elliott,SS,Texas,5.57,5.40,0.06,0.07,0.04,6007,210,32.25,10.5,77.75,4.58,,,15,36,10.08,21.4,
Arden Key ,3-4 OLB,LSU,5.57,5.40,0.06,0.06,0.05,6047,238,33.5,10,82.125,,4.25,7.16,,31,9.75,22.3,
Richie James,WR,Middle Tennessee State,5.57,5.40,0.10,0.02,0.05,5101,183,31.25,9,76.375,4.48,4.16,6.87,6,35.5,10.17,,
Holton Hill,CB,Texas,5.56,5.40,0.06,0.07,0.03,6015,196,32,9.625,77.25,4.49,4.15,6.83,14,31,10,21.4,
Genard Avery,4-3 OLB,Memphis,5.56,5.40,0.06,0.05,0.05,6004,248,31,10.125,74.125,4.59,4.36,6.9,26,36,10.33,,Durability High Concern 
Leon Jacobs,3-4 OLB,Wisconsin,5.55,5.40,0.06,0.03,0.06,6011,246,33.5,9.625,79.25,4.48,4.44,7.14,26,34.5,10.17,,
Nick Nelson,CB,Wisconsin,5.55,5.40,0.06,0.05,0.04,5105,200,30.75,9.25,74.75,4.52,,,17,,10.25,21.9,Durability High Concern 
M.J. Stewart,SS,North Carolina,5.55,5.40,0.06,0.05,0.04,5107,200,31.25,9.25,75.375,4.54,4.28,6.9,18,35,9.83,23,
Jamarco Jones,OT,Ohio State,5.55,5.50,,0.03,0.02,6040,299,35.125,9.5,85.125,5.5,4.99,8.32,,24,8.5,22.2,
Dorian O'Daniel ,3-4 OLB,Clemson,5.54,5.40,0.07,0.01,0.06,6005,223,31.125,9,75,4.61,4.07,6.64,21,32,9.92,24,One Year Starter/Experience 
Kevin Toliver,CB,LSU,5.54,5.40,0.06,0.05,0.03,6020,192,30.125,9.375,73.375,,,,10,33,10,22.8,
Jordan Wilkins,RB,Mississippi,5.53,5.40,0.04,0.05,0.04,6005,216,30.125,9.375,74,,4.27,,16,36,9.75,24.1,
Ja'Von Rolland-Jones,3-4 OLB,Arkansas State,5.53,5.40,0.09,0.04,,6017,253,32.75,10.125,77.625,4.88,,,23,,,23.8,
Josh Adams,RB,Notre Dame,5.53,5.40,0.06,0.07,,6015,213,33.75,9.25,79.25,,,,18,,,21.8,
Braden Smith,OG,Auburn,5.52,5.40,,0.05,0.07,6062,315,32.25,9.375,78.125,5.22,4.77,,35,33.5,9.42,22.4,
Kurt Benkert,QB,Virginia,5.52,5.40,0.05,0.03,0.04,6025,218,31,9.5,74.375,4.95,4.33,7.15,16,31,9.33,23.1,
J.C. Jackson,CB,Maryland,5.52,5.40,0.05,0.04,0.03,5096,201,31.5,8.125,75.25,4.46,,,14,35.5,10,,
Troy Fumagalli,TE ,Wisconsin,5.52,5.40,0.07,0.05,,6046,247,32,10.25,74.875,,,,14,,,23.5,Bloodline
Isaac Yiadom,CB,Boston College,5.52,5.40,0.05,0.05,0.02,6007,190,32.25,8.875,75.75,4.52,4.18,,8,,10,22.5,
Keke Coutee,WR,Texas Tech,5.52,5.40,0.07,0.01,0.04,5096,181,29.875,8.375,70.625,4.43,4.15,6.93,14,34.5,9.42,21.6,
Da'Shawn Hand,3-4 DE,Alabama,5.51,5.40,0.03,0.04,0.04,6035,297,34.375,9.75,80.625,4.83,4.62,7.98,28,31.5,9.25,22.8,
Akrum Wadley,RB,Iowa,5.51,5.40,0.06,0.02,0.03,5097,194,29.5,8.25,71.625,4.54,,,12,32,,23.5,
Skyler Phillips,OG,Idaho State,5.50,5.40,,0.04,0.06,6026,318,33,9.5,78,5.1,4.69,7.95,,29,8.67,,Durability Medium Concern 
Joseph Noteboom,OT,TCU,5.50,5.40,,0.04,0.06,6050,309,34.375,9.625,83.5,4.96,4.44,7.65,27,24,8.5,,
Siran Neal,SS,Jacksonville State,5.50,5.40,,0.05,0.05,6000,206,31.125,9.875,75.625,4.56,4.28,7,17,40.5,10.17,24.1,
Darius Phillips,CB,Western Michigan,5.49,5.40,0.05,0.04,,5097,193,31.5,9.125,74.125,4.54,,,,,,22.2,
Justin Jackson,RB,Northwestern,5.49,5.30,0.09,0.04,0.06,5115,199,30.625,9.25,75.875,4.52,4.07,6.81,13,38.5,10.17,22.4,
Tarvarus McFadden,CB,Florida State,5.49,5.30,0.05,0.09,0.05,6022,204,32.5,10.375,78,4.67,,,,38.5,10.08,21.6,
Micah Kiser,4-3 LB,Virginia,5.48,5.30,0.09,0.03,0.06,6003,238,32,9.375,75.75,4.66,4.24,7.05,,35.5,10.08,23.6,
Quin Blanding,FS,Virginia,5.48,5.30,0.10,0.05,0.03,6020,207,31.75,8.375,76.125,4.63,,,,31.5,10.17,22.3,
Jamil Demby,OG,Maine,5.48,5.40,,0.06,0.02,6044,319,33.75,10,79.25,5.58,4.95,7.86,17,23.5,8.17,22.2,
Taylor Hearn,OG,Clemson,5.47,5.40,,0.04,0.03,6044,320,32.5,8.75,77.625,5.45,4.8,7.84,18,24,8,22.6,
Tyler Conklin,TE ,Central Michigan,5.47,5.30,0.08,0.04,0.05,6030,254,33,9.5,77.875,4.8,4.23,7.13,18,38,10,23.1,Durability Medium Concern 
Jaleel Scott,WR,New Mexico State,5.47,5.30,0.05,0.09,0.03,6046,218,33.5,10,81.25,4.56,4.4,7.2,16,34.5,10.33,23.5,
Jester Weah,WR,Pittsburgh,5.47,5.30,0.05,0.07,0.05,6022,211,31.125,9.625,76.625,4.43,4.41,7.24,15,38,10.75,23.6,
Geron Christian,OT,Louisville,5.46,5.40,,0.06,,6051,298,35,10.75,82.75,5.33,,,19,,,22,
Andre Chachere,CB,San Jose State,5.46,5.30,0.05,0.06,0.05,5116,197,31.375,9.875,75.75,4.49,4.07,6.78,13,38,10.25,22.6,
Skai Moore,4-3 OLB,South Carolina,5.45,5.30,0.08,0.03,0.04,6022,226,32,9.375,78.375,4.73,,,,36,9.75,23.6,Durability Medium Concern 
Riley Ferguson,QB,Memphis,5.45,5.30,0.08,0.03,0.04,6026,212,30.875,9.625,74.625,4.98,4.4,6.96,,29,9.17,23.6,
Timon Parris,OT,Stony Brook,5.45,5.40,,0.05,,6055,312,33.875,9.375,79.75,,,,27,,,23,
Natrell Jamerson,FS,Wisconsin,5.45,5.30,0.04,0.05,0.06,5105,201,32.625,9.75,77.25,4.4,,,25,35.5,10,,
Chandon Sullivan,CB,Georgia State,5.45,5.30,0.05,0.05,0.05,5106,194,32.375,9,76.75,4.6,4.36,,15,40.5,11.17,22.1,
Armani Watt,SS,Texas A&M,5.45,5.30,0.10,0.02,0.03,5104,202,31,8.75,72.375,,4.37,7.25,13,35,10,,
Nic Shimonek,QB,Texas Tech,5.44,5.30,0.08,0.03,0.03,6030,220,30.75,9.25,76,4.88,4.32,7.28,,28.5,8.42,24,
Chase Litton,QB,Marshall,5.44,5.30,0.05,0.06,0.03,6050,230,32.25,9.375,76.125,4.9,4.53,7.49,,29.5,8.83,22.9,
Ka'Raun White,WR,West Virginia,5.44,5.30,0.05,0.06,0.03,6010,206,32.25,9.625,78.125,4.52,4.57,7.16,24,33.5,9.83,25.2,
Grant Haley,CB,Penn State,5.43,5.30,0.05,0.03,0.05,`,190,29.75,9.125,72.25,4.44,3.94,6.51,15,34,9.92,22.7,
Trey Quinn,WR,SMU,5.43,5.30,0.05,0.04,0.04,5113,203,30.75,10.125,72.5,4.55,4.19,6.91,17,33.5,9.67,22.7,
Darren Carrington,WR,Utah,5.43,5.30,0.06,0.07,,6022,199,32.75,10.375,78.625,,,,,36,10,23.9,
Kamryn Pettway,RB,Auburn,5.42,5.25,0.07,0.06,0.04,5116,233,31.25,9.5,75.625,4.74,,,22,33.5,9.67,21.7,
Breeland Speaks,4-3 DE,Mississippi,5.42,5.30,0.04,0.05,0.03,6027,283,33.75,9.875,79.625,4.87,4.65,7.63,,32.5,9.17,22.7,
Deadrin Senat,NT,South Florida,5.42,5.30,0.07,0.02,0.03,6000,314,31.625,9.75,76.25,5.16,4.79,7.77,35,26,8.33,,Bloodline
Robert Foster,WR,Alabama,5.41,5.15,0.17,0.05,0.04,6015,196,32.125,9.25,77.25,4.41,4.2,6.9,,31,9.67,,
Lavon Coleman,RB,Washington,5.41,5.30,0.03,0.04,0.04,5106,215,30.5,9.25,73.25,4.65,,,23,33,10,23.7,
Luke Falk,QB,Washington State,5.41,5.30,0.07,0.04,,6035,215,32,9.25,77.375,,,,,26.5,8.58,23.7,
Will Dissly ,TE ,Washington,5.41,5.30,0.03,0.06,0.02,6034,262,33.25,9.75,79.25,4.87,4.4,7.07,15,28,9.25,,One Year Starter/Experience 
Jaryd Jones-Smith,OT,Pittsburgh,5.40,5.30,,0.07,0.03,6064,317,36.25,10,88.5,5.22,4.94,8.1,16,27,9.08,23,Durability High Concern 
Taylor Stallworth,4-3 DT,South Carolina,5.40,5.30,0.04,0.05,0.01,6020,312,32.5,10.25,78.25,5.28,4.75,7.95,18,23.5,8.42,,
Kentavius Street,3-4 OLB,North Carolina State,5.40,5.30,0.04,0.06,,6022,280,32.875,10.25,78.75,4.87,,,28,,,22.3,Durability High Concern 
Chris Covington ,4-3 LB,Indiana,5.40,5.30,0.05,0.05,,6022,245,32.5,9.25,78.25,4.78,,,23,,,22.7,One Year Starter/Experience 
Matthew Thomas,4-3 LB,Florida State,5.39,5.20,0.07,0.05,0.07,6026,232,33,8.875,79.125,4.58,4.28,6.85,,41.5,10.92,23.1,
Mason Cole,OC,Michigan,5.38,5.30,,0.06,0.02,6041,307,32.125,9.625,78.75,5.23,4.78,7.77,23,23.5,8.67,22.4,
Azeem Victor,4-3 LB,Washington,5.37,5.20,0.09,0.05,0.03,6021,240,33,9.375,77.75,4.72,4.4,7.2,19,32.5,9.58,23,
Toby Weathersby,OT,LSU,5.37,5.30,,0.04,0.03,6043,317,33.25,10.25,80.625,5.34,5.38,8.55,28,24.5,8.83,22,
Ade Aruna,4-3 DE,Tulane,5.37,5.20,0.06,0.06,0.05,6045,262,34,10.625,80,4.6,4.48,7.53,18,38.5,10.67,24.3,
Deontay Burnett,WR,Southern Cal,5.37,5.30,0.05,0.02,,5115,186,31.5,8.625,74.5,,,,,,,20.9,
Marquez Valdes-Scantling,WR,South Florida,5.36,5.20,0.04,0.07,0.05,6040,206,32.25,10,79.375,4.37,,,15,30.5,10.3,23.9,
J.T. Barrett,QB,Ohio State,5.36,5.20,0.08,0.04,0.04,6012,224,32,9.875,76,4.7,4.44,7.38,,30,9,23.6,
Jordan Chunn,RB,Troy ,5.36,5.20,0.09,0.07,,6010,231,,,,,,,,,,23,
Peter Kalambayi,3-4 OLB,Stanford,5.35,5.20,0.07,0.03,0.05,6025,252,33.5,9,79.75,4.57,4.36,7.13,19,34,10.08,,
Dimitri Flowers,RB,Oklahoma,5.35,5.20,0.07,0.07,0.01,6017,248,30.75,9.25,76.25,4.83,4.53,7.45,17,30.5,9.08,22.6,Bloodline
James Looney,4-3 DE,California,5.35,5.20,0.05,0.05,0.05,6026,287,32,10.5,77.375,4.89,4.37,7.32,28,35.5,9.42,23.3,
Tony Brown,CB,Alabama,5.35,5.20,0.05,0.05,0.05,5117,199,31.5,9.25,74.75,4.35,4.11,6.78,14,31.5,10.5,23.1,
Desmond Harrison,OT,West Georgia,5.35,5.30,,0.05,,6060,292,34,10.375,79.625,4.9,,,,,,,Durability High Concern 
Kenny Young,4-3 LB,UCLA,5.34,5.20,0.07,0.04,0.03,6010,236,32.375,9.5,78.125,4.6,4.48,7.38,23,36,9.75,,
Tanner Lee,QB,Nebraska,5.34,5.20,0.03,0.06,0.05,6042,218,32.5,10,76.25,4.98,4.41,7,,32,9.58,23.5,Durability High Concern 
Marcell Harris,SS,Florida,5.34,5.20,0.05,0.05,0.04,6006,216,32,8.625,75.5,,4.4,6.96,22,32.5,10.25,,
Danny Etling,QB,LSU,5.33,5.20,0.05,0.03,0.05,6024,222,31,9.375,75.25,4.76,4.37,7.09,,30.5,9.5,24.1,
Kahlil McKenzie,4-3 DT,Tennessee,5.33,5.20,0.04,0.05,0.04,6026,314,31.5,10.125,77.75,5.15,4.68,7.94,26,29.5,8.75,21.7,One Year Starter/Experience 
Roc Thomas,RB,Jacksonville State,5.33,5.20,0.05,0.04,0.04,5101,198,31.625,9.25,76.125,4.56,,,16,35.5,10.42,,
D.J. Reed,CB,Kansas State,5.33,5.20,0.05,0.05,0.03,5091,188,31.625,10,75,4.51,,,11,36.5,,21.8,Passion for the game/High Motor/ Want to Succeed
Jake Wieneke,WR,South Dakota State,5.33,5.20,0.03,0.08,0.02,6040,221,33,9.875,76.875,4.67,4.37,7.24,9,34,9.5,24,
Andre Smith,4-3 LB,North Carolina,5.33,5.20,0.08,0.05,,5115,237,33.125,10,78.875,4.63,,,19,,,,
Kameron Kelly,SS,San Diego State,5.33,5.20,0.05,0.06,0.02,6015,204,31.75,8.875,74.625,4.66,4.28,6.94,9,33,10,22,
JoJo Wicker,4-3 DT,Arizona State,5.32,5.20,0.07,0.02,0.03,6016,296,31.75,9.125,75.25,5.16,,,25,30,8.75,,
Darrel Williams,RB,LSU,5.32,5.20,0.04,0.05,0.03,5115,225,31,9.375,73.125,4.72,4.21,,22,32,9.08,23.4,
Daurice Fountain ,WR,Northern Iowa ,5.32,5.20,0.05,0.07,0.05,6014,206,34,10.125,79.125,4.51,4.29,7.02,14,42.5,11.17,22.7,
Mike White,QB,Western Kentucky,5.32,5.20,0.05,0.05,0.02,6045,224,31.875,9.5,77.625,5.09,4.4,7.4,,27,8,23.4,
Rashaan Gaulden,CB,Tennessee,5.32,5.20,0.05,0.06,0.01,6006,197,30.75,9.75,73.125,4.61,4.33,7.16,8,30,9.92,23.6,
Jordan Akins,TE ,Central Florida,5.32,5.20,0.06,0.06,,6030,249,33.5,9.25,80.625,,,,,,,26.4,
Christian Campbell,CB,Penn State,5.31,5.20,0.05,0.06,0.00,6006,195,33.5,8.75,79,,,,14,,,22.8,
Jamarcus King,CB,South Carolina,5.30,5.20,0.05,0.05,0.00,6006,185,32.875,9.125,78.375,4.7,,,,,,23.7,
Ito Smith ,RB,Southern Miss ,5.30,5.20,0.08,0.02,0.05,5085,200,28.875,9.375,73.125,4.45,4.56,7.22,22,36.5,9.92,,
Lowell Lotulelei,4-3 DT,Utah,5.29,5.20,0.05,0.04,,6015,315,33,9.625,77.5,,,,28,,,23.4,
Braxton Berrios,WR,Miami,5.29,5.20,0.02,0.02,0.05,5085,184,28,9.25,68.25,,,,11,,,22.9,
Chris Warren,RB,Texas,5.29,5.10,0.05,0.08,0.06,6020,247,32,10,77,4.69,4.18,6.98,25,33,10.08,,
Damon Webb,SS,Ohio State,5.28,5.20,0.05,0.03,,5106,209,31.25,8.125,72.5,4.62,,,17,,,22.8,
Dane Cruikshank,SS,Arizona,5.28,5.10,0.07,0.05,0.06,6012,209,31,8.75,74.375,4.41,4.24,6.89,25,38.5,10.08,22.3,
Trey Flowers ,SS,Oklahoma State,5.28,5.10,0.08,0.06,0.04,6032,202,33.875,9,79.375,4.45,,,18,34.5,10.17,23.2,
Justin Crawford,RB,West Virginia,5.27,5.15,0.04,0.05,0.03,5113,199,32,9.125,76.25,4.64,,,11,33.5,10.17,23.5,
Joshua Kalu,FS,Nebraska,5.27,5.10,0.07,0.06,0.04,6002,203,32.75,10,78.125,4.58,,,17,41.5,11.17,23,
Brandon Silvers,QB,Troy ,5.27,5.15,0.06,0.06,,6013,228,33.5,10,80.375,4.52,4.34,,14,40,10.75,,
Sean Welsh,OG,Iowa,5.26,5.20,,0.03,0.03,6026,306,32,10.25,76.25,5.43,4.81,7.9,20,25,8.58,23.9,
Brian Allen,OC,Michigan State,5.25,5.20,,0.02,0.03,6011,298,32.375,9.25,76.75,5.34,4.71,7.81,27,26.5,8.25,22.9,
Quinton Flowers,QB,South Florida,5.25,5.10,0.07,0.02,0.06,5103,214,30.875,9.75,73.75,4.63,4.57,6.81,,,9.33,23.7,
David Bright,OT,Stanford,5.24,5.20,,0.04,,6051,307,33.25,10,80.125,,,,,,,,Passion for the game/High Motor/ Want to Succeed
Byron Pringle,WR,Kansas State ,5.23,5.10,0.04,0.05,0.04,6011,203,32,9.25,77.375,4.46,4.4,6.87,15,33.5,10,24.8,
James Hearns,4-3 OLB,Louisville,5.23,5.10,0.08,0.05,0.00,6024,239,32.5,9.375,76.5,4.89,,,22,,,24.9,
Larry Rose III,RB,New Mexico State,5.23,5.10,0.10,0.03,,5110,190,,,,,,,,,,,
Justin Jones,3-4 DE,North Carolina State,5.23,5.10,0.06,0.05,0.02,6024,309,33.5,10,81,5.09,4.74,7.82,24,29,8.67,,
Colby Gossett,OG,Appalachian State,5.22,5.10,,0.06,0.06,6047,311,33.875,10,79.25,5.2,4.83,7.6,32,25,8.58,23.2,
John Atkins,4-3 DT,Georgia,5.21,5.10,0.03,0.06,0.02,6027,321,34,9.25,79.5,5.38,4.75,7.95,,24,7.42,25.7,
Steve Ishmael ,WR,Syracuse,5.21,5.10,0.05,0.06,,6020,202,,,,,,,,,,,
Steven Mitchell,WR,Southern Cal,5.20,5.10,0.03,0.03,0.04,5102,189,30.375,9.375,73.5,4.56,4.4,6.75,13,32.5,10.08,24.3,
Austin Allen,QB,Arkansas,5.20,5.10,0.04,0.02,0.04,6003,210,30.625,9,73,4.81,4.48,7.18,,29.5,9.33,24,
Keishawn Bierria,4-3 LB,Washington,5.20,5.10,0.05,0.02,0.03,6003,230,31.125,9.375,75,4.79,,7.26,21,30.5,9.75,23.1,Passion for the game/High Motor/ Want to Succeed
Nyles Morgan ,3-4 ILB,Notre Dame,5.20,5.10,0.06,0.04,,6010,238,,,,,,,,,,,
Cole Madison,OG,Washington State,5.19,5.10,,0.05,0.04,6050,308,32.25,10.375,76.875,5.33,4.88,7.86,26,28.5,8.08,,
Rod Taylor,OG,Mississippi,5.19,5.10,,0.05,0.04,6027,320,34.25,9.75,81,5.24,,,,30.5,8.25,23.8,
Troy Apke,SS,Penn State,5.18,5.00,0.06,0.04,0.08,6012,200,32.375,8.375,75.75,4.34,4.03,6.56,16,41,10.92,23.4,
Ray-Ray McCloud,WR,Clemson,5.18,5.10,0.03,0.02,0.03,5094,190,30.25,9.25,72.625,4.53,,,13,34.5,9.42,21.9,
Chris Worley,4-3 LB,Ohio State,5.18,5.10,0.05,0.03,,6013,238,31.25,9.25,75.75,4.86,,,15,29.5,,23,Leadership 
Cam Phillips,WR,Virginia Tech,5.18,5.10,0.05,0.03,,6001,201,30.5,8.875,73.5,,,,,,,22.7,
Sam Jones,OG,Arizona State,5.17,5.10,,0.03,0.04,6045,305,31,9.5,76.25,5.32,4.86,7.92,28,27,8.42,22.5,
Chris Jones,CB,Nebraska,5.16,5.00,0.05,0.07,0.04,5117,200,32.75,9.75,78.25,4.57,,,14,,,23.1,
Jordan Thomas,CB,Oklahoma,5.15,5.00,0.05,0.06,0.04,6001,187,32,9.5,77.75,4.64,3.94,6.28,4,38,10.33,22.6,
Jarvion Franklin,RB,Western Michigan,5.15,5.00,0.06,0.06,0.03,5114,239,31.25,9.25,75.5,4.63,4.31,6.93,18,30,9.08,22.7,
Kyle Hicks,RB,TCU,5.14,5.00,0.04,0.05,0.05,5095,204,32.5,9.5,75.125,4.63,,,13,36.5,10.17,24.3,
Jordan Thomas,TE ,Mississippi State,5.14,5.00,0.04,0.09,0.01,6054,265,34.125,11,82.375,4.74,4.75,7.5,16,27,9.25,22.1,
Jeff Wilson,RB,North Texas,5.14,5.00,0.09,0.05,,5114,210,31.5,9.25,75.125,,,,,,,,
Davon Grayson,WR,East Carolina,5.13,5.00,0.04,0.04,0.05,6006,199,31.375,9,73.75,4.51,,,19,34.5,10.33,23,Durability High Concern 
Dee Delaney  ,CB,Miami,5.13,5.00,0.04,0.06,0.03,5114,200,30.5,9.75,74.375,4.46,4.25,6.95,13,32.5,10,23.5,One Year Starter/Experience 
Avonte Maddox,CB,Pittsburgh,5.11,5.00,0.04,0.01,0.06,5091,184,29.5,`,71.375,4.39,4,6.51,13,37,10.42,22.4,Leadership 
Salesi Uhatafe,OG,Utah,5.11,5.00,,0.06,0.05,6050,310,33,10.25,79.5,5.4,4.9,7.7,,28,9.08,23.9,
Chris Lacy,WR,Oklahoma State,5.11,5.00,0.02,0.06,0.03,6030,205,31.25,9.75,76.5,4.51,,,11,33.5,10,22.6,
Demario Richard,RB,Arizona State,5.11,5.00,0.06,0.03,0.02,5086,218,28.75,9.25,70.625,4.7,,,12,29.5,9.58,21.7,
Henre' Toliver,CB,Arkansas,5.10,5.00,0.04,0.04,0.02,`,188,30.875,9,73.25,4.63,4.15,7.01,6,32.5,9.75,21.9,
K.J. Malone,OG,LSU,5.09,5.00,,0.04,0.05,6035,303,33.5,9.25,81,5.34,,,15,29.5,8.58,23.3,
Quadree Henderson,WR,Pittsburgh,5.09,5.00,0.04,0.02,0.03,5080,192,29.5,9.875,71.625,4.5,4.28,6.89,12,32.5,10,22,
Nick Gates,OG,Nebraska,5.08,5.00,,0.05,0.03,6053,307,32,10.25,79.25,5.46,4.68,7.61,20,24,7.83,22.8,
Van Smith,FS,Clemson,5.07,5.00,0.06,0.01,0.00,5107,186,30.125,8.75,71.625,4.61,,,,29.5,,22,
